{
  "total_tests": 100,
  "passed": 10,
  "failed": 0,
  "avg_render_time": 0.0009687185287475586,
  "total_time": 0.009692192077636719,
  "timestamp": "2026-03-17 15:51:11"
}